INSERT INTO public.hn_users (user_handle,hn_age) VALUES
('7d7n',0)
,('pseudolus',5)
,('LexSiga',0)
,('eryb',0)
,('tosh',10)
,('vira28',2)
,('lerie1982',0)
,('zenexer',3)
,('Cactus2018',2)
,('danso',8)
,('harry8',6)
,('holler',1)
,('jakeogh',7)
,('awillen',8)
,('gay_bullshit',0)
;

INSERT INTO public.hn_story (id,title,url,score,user_id,submission_time,created_at) VALUES
(23305606,'Hydroxychloroquine Update','https://statmodeling.stat.columbia.edu/2020/05/25/hydroxychloroquine-update/',20,1,'2020-05-26 04:00:21.000','2020-05-28 13:51:46.192')
,(23322689,'A Monday Is a Tuesday Is a Sunday as Covid-19 Disrupts Internal Clocks','https://www.scientificamerican.com/article/a-monday-is-a-tuesday-is-a-sunday-as-covid-19-disrupts-internal-clocks/',18,2,'2020-05-27 18:49:21.000','2020-05-28 13:51:46.192')
,(23320803,'How to build your own feature store for ML','https://www.logicalclocks.com/blog/how-to-build-your-own-feature-store',67,3,'2020-05-27 14:04:51.000','2020-05-28 13:51:46.192')
,(23318137,'Diving into Go by building a CLI application','https://eryb.space/2020/05/27/diving-into-go-by-building-a-cli-application.html',269,4,'2020-05-27 05:59:32.000','2020-05-28 13:51:46.192')
,(23322321,'Speech to Text on iPhone vs. Pixel','https://twitter.com/jamescham/status/1265512829806927873',79,5,'2020-05-27 18:14:42.000','2020-05-28 13:51:46.192')
,(23319901,'Supabase (YC S20) – An open source Firebase alternative','https://supabase.io/',636,6,'2020-05-27 11:43:59.000','2020-05-28 13:51:46.192')
,(23317800,'Blue bee feared to be extinct is found in Florida','https://www.smithsonianmag.com/science-nature/blue-bee-feared-be-extinct-found-florida-180974957',288,7,'2020-05-27 05:17:17.000','2020-05-28 13:51:46.192')
,(23322730,'Google no longer providing original URL in AMP for image search results','https://twitter.com/zenexer/status/1265633022709301249',260,8,'2020-05-27 18:51:56.000','2020-05-28 13:51:46.192')
,(23322539,'Variolation','https://en.wikipedia.org/wiki/Variolation',58,9,'2020-05-27 18:36:32.000','2020-05-28 13:51:46.192')
,(23314635,'Nitrome to convert its Flash game library to HTML5','http://www.nitrome.com/blog/articles/1427/',28,10,'2020-05-26 23:53:12.000','2020-05-28 13:51:46.192')
,(23308678,'UK government advisor caught out by Wayback machine','https://www.thenational.scot/news/18474584.dominic-cummings-added-coronavirus-quote-blog-april/',217,11,'2020-05-26 14:05:15.000','2020-05-28 13:51:46.192')
,(23325319,'Guerrilla Public Service Redux (2017)','https://99percentinvisible.org/episode/guerrilla-public-service/',377,12,'2020-05-27 21:35:32.000','2020-05-28 13:51:46.192')
,(23330228,'Show HN: Straight2Spam – Send your email right to someone''s spam folder','https://straight2spam.com',156,12,'2020-05-28 02:55:35.000','2020-05-28 13:51:46.192')
,(23324961,'Maximator: European signals intelligence cooperation','https://www.tandfonline.com/doi/full/10.1080/02684527.2020.1743538',290,14,'2020-05-27 21:11:52.000','2020-05-28 13:51:46.192')
,(23326329,'Rediscovering the Small Web','https://neustadt.fr/essays/the-small-web/',302,13,'2020-05-27 22:34:30.000','2020-05-28 13:51:46.192')
;

INSERT INTO public.hn_comment (id,comment_text,story_id,user_id,comment_time,comment_count) VALUES
(23306123,'Link was more informative when the domain was andrewgelman.com',23305606,12,'2020-05-26 05:27:58.000',2)
,(23306017,'basically the most recent study of 96,000 people is alleged to be based on fabricated data...<p><a href="https:&#x2F;&#x2F;defyccc.com&#x2F;anti-hcq-paper-in-the-lancet-uses-fabricated-data&#x2F;" rel="nofollow">https:&#x2F;&#x2F;defyccc.com&#x2F;anti-hcq-paper-in-the-lancet-uses-fabric...</a>',23305606,13,'2020-05-26 05:09:35.000',2)
,(23306200,'Discussion of the paper when it was posted and promoted by various news outlets:<p><a href="https:&#x2F;&#x2F;news.ycombinator.com&#x2F;item?id=23272222" rel="nofollow">https:&#x2F;&#x2F;news.ycombinator.com&#x2F;item?id=23272222</a><p><a href="https:&#x2F;&#x2F;news.ycombinator.com&#x2F;item?id=23273615" rel="nofollow">https:&#x2F;&#x2F;news.ycombinator.com&#x2F;item?id=23273615</a>',23305606,14,'2020-05-26 05:43:14.000',0)
,(23323724,'I was taking a sabbatical when this all started, so thankfully I&#x27;ve already begun to perceive time through important milestones like taking the trash out on Tuesday night and giving my dogs flea pills at the end of every month.<p>Really gives life meaning, y&#x27;know?',23322689,15,'2020-05-27 19:51:28.000',1)
,(23324079,'Work sucks. Fuck work. 3 day weekends for memorial day weekend, as a proxy for the start of summer are not new.<p>Yes, we all know that Garfield hates Mondays.<p>News is a joke. This article is bullshit. Corporate media outlets are just advertorial opinion columns in a pay-to-play world, where who you know matters more than anything else.<p>Fuck you. Suicide is painless.',23322689,16,'2020-05-27 20:13:30.000',0)
,(23324084,'I&#x27;m having the Groundhog Day experience: every day is the same. I&#x27;m having difficulty determining how long in the past any given event occurred, presumably because normally that process is aided by time anchors (e.g the week before spring break). That said, it feels as if this &quot;every day is the same&quot; situation is better somehow. Less cognitive load in figuring out &quot;what to do&quot;; less effort expended planning future activities; much easier to work consistently on projects (all sorts of home improvement projects that have been on the todo list for years are now completed). It feels like being 12 years old to some extent.',23322689,17,'2020-05-27 20:13:54.000',1)
,(23324261,'The only thing pinning my week down is Twitch streams - certain people broadcast on certain days.',23322689,18,'2020-05-27 20:23:33.000',0)
,(23324223,'A small sample of retirement. The seasons become your timepiece...',23322689,19,'2020-05-27 20:21:32.000',0)
,(23323930,'Or maybe we&#x27;re just reverting to how things <i>should</i> be. Maybe our internal clocks were disrupted by the artificial five-day eight-hour work week.',23322689,20,'2020-05-27 20:04:08.000',1)
,(23324322,'A couple weeks ago, my team and I determined it was still March 97th and I&#x27;m sticking to it.',23322689,21,'2020-05-27 20:26:39.000',0)
,(23324414,'Day of the week might be a useful sync to keep, but for most people (certainly for me), the time of the day is <i>way</i> more important.<p>There is a risk that sleep&#x2F;awake cycles float once rigid schedules disappear. This happened to me once in grad school during a semester when I had a fellowship, so did not have to teach and could just work on the thesis. While first thought was &quot;why should I care, I can still work the same&quot; this quickly resulted in a huge loss of productivity until I forced a correction. An hour or two each way is nothing (in fact may be good as one adjusts to a more natural schedule), but I would guard aggressively against switching to a nocturnal lifestyle. My 2c.',23322689,23,'2020-05-27 20:32:42.000',0)
,(23323850,'Friday night drinks, Sunday roasts and a walk on a Saturday help to keep anything working in sensible cadences, I find.',23322689,24,'2020-05-27 19:59:37.000',0)
,(23321540,'I&#x27;m the author. Let me know if you have any questions.',23320803,25,'2020-05-27 16:22:59.000',3)
,(23320804,'As this topic will inevitably become more trendy find some some additional interesting resources on the subject as well:<p>- <a href="https:&#x2F;&#x2F;www.quora.com&#x2F;What-are-the-implementation-challenges-of-a-machine-learning-feature-store" rel="nofollow">https:&#x2F;&#x2F;www.quora.com&#x2F;What-are-the-implementation-challenges...</a><p>- <a href="http:&#x2F;&#x2F;featurestore.org&#x2F;" rel="nofollow">http:&#x2F;&#x2F;featurestore.org&#x2F;</a> (a list of -some of- the available feature stores)',23320803,3,'2020-05-27 14:04:52.000',0)
,(23319145,'Seems overcooked in some places and undercooked in others. I of course prefer my own CLI template but so it goes: <a href="https:&#x2F;&#x2F;github.com&#x2F;carlmjohnson&#x2F;go-cli" rel="nofollow">https:&#x2F;&#x2F;github.com&#x2F;carlmjohnson&#x2F;go-cli</a>',23318137,26,'2020-05-27 09:10:07.000',1)
;